t.summary.traindf.score...Var1,t.summary.traindf.score...Var2,t.summary.traindf.score...Freq,t.summary.testdf.score...Var1,t.summary.testdf.score...Var2,t.summary.testdf.score...Freq
A,Min.,0.9241379310344827,A,Min.,0.8877551020408163
A,1st Qu.,0.9413793103448276,A,1st Qu.,0.9387755102040817
A,Median,0.9482758620689655,A,Median,0.9489795918367347
A,Mean,0.9480206896551724,A,Mean,0.9484591836734694
A,3rd Qu.,0.9551724137931035,A,3rd Qu.,0.9591836734693877
A,Max.,0.9724137931034482,A,Max.,1
